,Year,Month,Day,Sentiment,Count
1,2020,1,22,negative,14493
2,2020,1,22,neutral,20061
3,2020,1,22,positive,1779
4,2020,1,23,negative,99275
5,2020,1,23,neutral,97048
6,2020,1,23,positive,7367
7,2020,1,24,negative,233430
8,2020,1,24,neutral,305404
9,2020,1,24,positive,29652
10,2020,1,25,negative,376001
11,2020,1,25,neutral,445823
12,2020,1,25,positive,34265
13,2020,1,26,negative,489539
14,2020,1,26,neutral,616673
15,2020,1,26,positive,31525
16,2020,1,27,negative,451737
17,2020,1,27,neutral,394150
18,2020,1,27,positive,25199
19,2020,1,28,negative,323282
20,2020,1,28,neutral,404091
21,2020,1,28,positive,38621
22,2020,1,29,negative,611369
23,2020,1,29,neutral,557347
24,2020,1,29,positive,55809
25,2020,1,30,negative,695855
26,2020,1,30,neutral,777769
27,2020,1,30,positive,87863
28,2020,1,31,negative,641326
29,2020,1,31,neutral,672792
30,2020,1,31,positive,79468
31,2020,2,1,negative,232297
32,2020,2,1,neutral,222222
33,2020,2,1,positive,32381
34,2020,2,2,negative,240679
35,2020,2,2,neutral,237507
36,2020,2,2,positive,30816
37,2020,2,3,negative,213258
38,2020,2,3,neutral,241663
39,2020,2,3,positive,40125
40,2020,2,4,negative,247566
41,2020,2,4,neutral,271905
42,2020,2,4,positive,38926
43,2020,2,5,negative,208970
44,2020,2,5,neutral,240624
45,2020,2,5,positive,57546
46,2020,2,6,negative,250610
47,2020,2,6,neutral,255327
48,2020,2,6,positive,37426
49,2020,2,7,negative,229263
50,2020,2,7,neutral,257809
51,2020,2,7,positive,36644
52,2020,2,8,negative,227907
53,2020,2,8,neutral,265138
54,2020,2,8,positive,28605
55,2020,2,9,negative,237402
56,2020,2,9,neutral,236690
57,2020,2,9,positive,34696
58,2020,2,10,negative,252091
59,2020,2,10,neutral,288628
60,2020,2,10,positive,36933
61,2020,2,11,negative,265597
62,2020,2,11,neutral,287552
63,2020,2,11,positive,35732
64,2020,2,12,negative,265132
65,2020,2,12,neutral,247959
66,2020,2,12,positive,29933
67,2020,2,13,negative,279354
68,2020,2,13,neutral,293838
69,2020,2,13,positive,34886
70,2020,2,14,negative,237906
71,2020,2,14,neutral,296307
72,2020,2,14,positive,42630
73,2020,2,15,negative,195450
74,2020,2,15,neutral,224167
75,2020,2,15,positive,34077
76,2020,2,16,negative,183989
77,2020,2,16,neutral,274185
78,2020,2,16,positive,28558
79,2020,2,17,negative,221875
80,2020,2,17,neutral,270014
81,2020,2,17,positive,36403
82,2020,2,18,negative,255794
83,2020,2,18,neutral,266731
84,2020,2,18,positive,37461
85,2020,2,19,negative,240426
86,2020,2,19,neutral,228009
87,2020,2,19,positive,36651
88,2020,2,20,negative,226431
89,2020,2,20,neutral,246110
90,2020,2,20,positive,46114
91,2020,2,21,negative,247143
92,2020,2,21,neutral,253786
93,2020,2,21,positive,32103
94,2020,2,22,negative,201977
95,2020,2,22,neutral,207869
96,2020,2,22,positive,24620
97,2020,2,23,negative,37344
98,2020,2,23,neutral,35596
99,2020,2,23,positive,3131
100,2020,2,24,negative,179492
101,2020,2,24,neutral,208871
102,2020,2,24,positive,29894
103,2020,2,25,negative,225189
104,2020,2,25,neutral,229143
105,2020,2,25,positive,25411
106,2020,2,26,negative,246548
107,2020,2,26,neutral,249014
108,2020,2,26,positive,36828
109,2020,2,27,negative,323744
110,2020,2,27,neutral,308442
111,2020,2,27,positive,38060
112,2020,2,28,negative,683442
113,2020,2,28,neutral,723081
114,2020,2,28,positive,85570
115,2020,2,29,negative,1552649
116,2020,2,29,neutral,1302247
117,2020,2,29,positive,186589
118,2020,3,1,negative,1079866
119,2020,3,1,neutral,1030951
120,2020,3,1,positive,139380
121,2020,3,2,negative,257533
122,2020,3,2,neutral,249753
123,2020,3,2,positive,56736
124,2020,3,3,negative,1150953
125,2020,3,3,neutral,1093097
126,2020,3,3,positive,166550
127,2020,3,4,negative,1170227
128,2020,3,4,neutral,1252895
129,2020,3,4,positive,180967
130,2020,3,5,negative,321755
131,2020,3,5,neutral,349877
132,2020,3,5,positive,54860
133,2020,3,6,negative,357364
134,2020,3,6,neutral,345400
135,2020,3,6,positive,65106
136,2020,3,7,negative,394389
137,2020,3,7,neutral,319390
138,2020,3,7,positive,58691
139,2020,3,8,negative,364863
140,2020,3,8,neutral,323381
141,2020,3,8,positive,57205
142,2020,3,9,negative,357599
143,2020,3,9,neutral,341233
144,2020,3,9,positive,54956
145,2020,3,10,negative,341765
146,2020,3,10,neutral,331617
147,2020,3,10,positive,52935
148,2020,3,11,negative,327084
149,2020,3,11,neutral,345490
150,2020,3,11,positive,55194
151,2020,3,12,negative,322441
152,2020,3,12,neutral,354053
153,2020,3,12,positive,57886
154,2020,3,13,negative,309781
155,2020,3,13,neutral,322264
156,2020,3,13,positive,50904
157,2020,3,14,negative,310743
158,2020,3,14,neutral,312765
159,2020,3,14,positive,58287
160,2020,3,15,negative,280025
161,2020,3,15,neutral,302435
162,2020,3,15,positive,62347
163,2020,3,16,negative,254148
164,2020,3,16,neutral,310187
165,2020,3,16,positive,61901
166,2020,3,17,negative,576972
167,2020,3,17,neutral,736659
168,2020,3,17,positive,119588
169,2020,3,18,negative,420011
170,2020,3,18,neutral,428722
171,2020,3,18,positive,79093
172,2020,3,19,negative,754476
173,2020,3,19,neutral,734128
174,2020,3,19,positive,147820
175,2020,3,20,negative,735432
176,2020,3,20,neutral,781173
177,2020,3,20,positive,145708
178,2020,3,21,negative,657147
179,2020,3,21,neutral,693306
180,2020,3,21,positive,147177
181,2020,3,22,negative,761859
182,2020,3,22,neutral,777304
183,2020,3,22,positive,159768
184,2020,3,23,negative,792262
185,2020,3,23,neutral,802144
186,2020,3,23,positive,154096
187,2020,3,24,negative,230022
188,2020,3,24,neutral,261954
189,2020,3,24,positive,59905
190,2020,3,25,negative,288356
191,2020,3,25,neutral,356055
192,2020,3,25,positive,82139
193,2020,3,26,negative,770442
194,2020,3,26,neutral,846946
195,2020,3,26,positive,164222
196,2020,3,27,negative,636935
197,2020,3,27,neutral,742582
198,2020,3,27,positive,168503
199,2020,3,28,negative,729384
200,2020,3,28,neutral,822024
201,2020,3,28,positive,181405
202,2020,3,29,negative,770852
203,2020,3,29,neutral,800932
204,2020,3,29,positive,165763
205,2020,3,30,negative,552804
206,2020,3,30,neutral,566267
207,2020,3,30,positive,111465
208,2020,3,31,negative,255609
209,2020,3,31,neutral,279390
210,2020,3,31,positive,69065
211,2020,4,1,negative,533857
212,2020,4,1,neutral,543958
213,2020,4,1,positive,99590
214,2020,4,2,negative,773537
215,2020,4,2,neutral,774073
216,2020,4,2,positive,133029
217,2020,4,3,negative,705078
218,2020,4,3,neutral,762103
219,2020,4,3,positive,146956
220,2020,4,4,negative,789978
221,2020,4,4,neutral,762751
222,2020,4,4,positive,169359
223,2020,4,5,negative,784071
224,2020,4,5,neutral,770033
225,2020,4,5,positive,175835
226,2020,4,6,negative,792203
227,2020,4,6,neutral,810017
228,2020,4,6,positive,165782
229,2020,4,7,negative,771585
230,2020,4,7,neutral,884632
231,2020,4,7,positive,169907
232,2020,4,8,negative,567745
233,2020,4,8,neutral,596101
234,2020,4,8,positive,123767
235,2020,4,9,negative,503204
236,2020,4,9,neutral,541988
237,2020,4,9,positive,112042
238,2020,4,10,negative,810174
239,2020,4,10,neutral,808598
240,2020,4,10,positive,169338
241,2020,4,11,negative,815616
242,2020,4,11,neutral,714110
243,2020,4,11,positive,156513
244,2020,4,12,negative,793817
245,2020,4,12,neutral,674813
246,2020,4,12,positive,156765
247,2020,4,13,negative,766401
248,2020,4,13,neutral,781281
249,2020,4,13,positive,144962
250,2020,4,14,negative,777905
251,2020,4,14,neutral,818574
252,2020,4,14,positive,147794
253,2020,4,15,negative,840507
254,2020,4,15,neutral,797865
255,2020,4,15,positive,139577
256,2020,4,16,negative,790607
257,2020,4,16,neutral,827298
258,2020,4,16,positive,158784
259,2020,4,17,negative,766758
260,2020,4,17,neutral,805633
261,2020,4,17,positive,139740
262,2020,4,18,negative,599945
263,2020,4,18,neutral,717553
264,2020,4,18,positive,147939
265,2020,4,19,negative,843780
266,2020,4,19,neutral,798478
267,2020,4,19,positive,154989
268,2020,4,20,negative,824903
269,2020,4,20,neutral,828183
270,2020,4,20,positive,141486
271,2020,4,21,negative,217165
272,2020,4,21,neutral,244061
273,2020,4,21,positive,64995
274,2020,4,22,negative,788259
275,2020,4,22,neutral,807628
276,2020,4,22,positive,155783
277,2020,4,23,negative,800717
278,2020,4,23,neutral,897275
279,2020,4,23,positive,162116
280,2020,4,24,negative,843035
281,2020,4,24,neutral,1042233
282,2020,4,24,positive,205650
283,2020,4,25,negative,1080125
284,2020,4,25,neutral,1111303
285,2020,4,25,positive,182142
286,2020,4,26,negative,1127152
287,2020,4,26,neutral,1053340
288,2020,4,26,positive,173997
289,2020,4,27,negative,1075196
290,2020,4,27,neutral,1144061
291,2020,4,27,positive,195564
292,2020,4,28,negative,808979
293,2020,4,28,neutral,842917
294,2020,4,28,positive,135317
295,2020,4,29,negative,618533
296,2020,4,29,neutral,633801
297,2020,4,29,positive,123804
298,2020,4,30,negative,834683
299,2020,4,30,neutral,902590
300,2020,4,30,positive,184956
301,2020,5,1,negative,762468
302,2020,5,1,neutral,933330
303,2020,5,1,positive,174887
304,2020,5,2,negative,843162
305,2020,5,2,neutral,889655
306,2020,5,2,positive,167662
307,2020,5,3,negative,895659
308,2020,5,3,neutral,924878
309,2020,5,3,positive,165242
310,2020,5,4,negative,978404
311,2020,5,4,neutral,974167
312,2020,5,4,positive,164999
313,2020,5,5,negative,518947
314,2020,5,5,neutral,537830
315,2020,5,5,positive,115329
316,2020,5,6,negative,1048751
317,2020,5,6,neutral,989347
318,2020,5,6,positive,194664
319,2020,5,7,negative,1211408
320,2020,5,7,neutral,1136458
321,2020,5,7,positive,211138
322,2020,5,8,negative,1066409
323,2020,5,8,neutral,1049025
324,2020,5,8,positive,203376
325,2020,5,9,negative,961539
326,2020,5,9,neutral,1061652
327,2020,5,9,positive,196314
328,2020,5,10,negative,994443
329,2020,5,10,neutral,1101411
330,2020,5,10,positive,190712
331,2020,5,11,negative,1149332
332,2020,5,11,neutral,1274432
333,2020,5,11,positive,225094
334,2020,5,12,negative,1140513
335,2020,5,12,neutral,1193348
336,2020,5,12,positive,196789
337,2020,5,13,negative,1230672
338,2020,5,13,neutral,1254835
339,2020,5,13,positive,204098
340,2020,5,14,negative,1173714
341,2020,5,14,neutral,1204684
342,2020,5,14,positive,206032
343,2020,5,15,negative,1155303
344,2020,5,15,neutral,1183881
345,2020,5,15,positive,201194
346,2020,5,16,negative,1069624
347,2020,5,16,neutral,1042680
348,2020,5,16,positive,199783
349,2020,5,17,negative,1119193
350,2020,5,17,neutral,1030086
351,2020,5,17,positive,178960
352,2020,5,18,negative,1127237
353,2020,5,18,neutral,1180272
354,2020,5,18,positive,186919
355,2020,5,19,negative,1112594
356,2020,5,19,neutral,1127077
357,2020,5,19,positive,189823
358,2020,5,20,negative,1129791
359,2020,5,20,neutral,1073284
360,2020,5,20,positive,197151
361,2020,5,21,negative,1085796
362,2020,5,21,neutral,1101681
363,2020,5,21,positive,183519
364,2020,5,22,negative,963732
365,2020,5,22,neutral,1031279
366,2020,5,22,positive,187626
367,2020,5,23,negative,988809
368,2020,5,23,neutral,957617
369,2020,5,23,positive,173097
370,2020,5,24,negative,1078468
371,2020,5,24,neutral,878271
372,2020,5,24,positive,175900
373,2020,5,25,negative,986311
374,2020,5,25,neutral,900565
375,2020,5,25,positive,181828
376,2020,5,26,negative,943470
377,2020,5,26,neutral,898891
378,2020,5,26,positive,200750
379,2020,5,27,negative,984918
380,2020,5,27,neutral,848085
381,2020,5,27,positive,148590
382,2020,5,28,negative,1122022
383,2020,5,28,neutral,862335
384,2020,5,28,positive,163602
385,2020,5,29,negative,1241142
386,2020,5,29,neutral,825965
387,2020,5,29,positive,144482
388,2020,5,30,negative,1264988
389,2020,5,30,neutral,694736
390,2020,5,30,positive,130850
391,2020,5,31,negative,1320520
392,2020,5,31,neutral,718878
393,2020,5,31,positive,124468
394,2020,6,1,negative,1129221
395,2020,6,1,neutral,738845
396,2020,6,1,positive,119633
397,2020,6,2,negative,993241
398,2020,6,2,neutral,825337
399,2020,6,2,positive,120688
400,2020,6,3,negative,1052427
401,2020,6,3,neutral,735290
402,2020,6,3,positive,138224
403,2020,6,4,negative,1045597
404,2020,6,4,neutral,733583
405,2020,6,4,positive,129475
406,2020,6,5,negative,776734
407,2020,6,5,neutral,565347
408,2020,6,5,positive,114832
409,2020,6,6,negative,1299103
410,2020,6,6,neutral,1113715
411,2020,6,6,positive,233194
412,2020,6,7,negative,1387285
413,2020,6,7,neutral,998665
414,2020,6,7,positive,215192
415,2020,6,8,negative,1176269
416,2020,6,8,neutral,1120393
417,2020,6,8,positive,248729
418,2020,6,9,negative,1204569
419,2020,6,9,neutral,1244284
420,2020,6,9,positive,262520
421,2020,6,10,negative,1336280
422,2020,6,10,neutral,1296358
423,2020,6,10,positive,291954
424,2020,6,11,negative,1321069
425,2020,6,11,neutral,1405301
426,2020,6,11,positive,289951
427,2020,6,12,negative,1363457
428,2020,6,12,neutral,1336712
429,2020,6,12,positive,297217
430,2020,6,13,negative,1402478
431,2020,6,13,neutral,1200707
432,2020,6,13,positive,286161
433,2020,6,14,negative,1450128
434,2020,6,14,neutral,1068296
435,2020,6,14,positive,273345
436,2020,6,15,negative,1619914
437,2020,6,15,neutral,1328774
438,2020,6,15,positive,274508
439,2020,6,16,negative,1437913
440,2020,6,16,neutral,1437420
441,2020,6,16,positive,257735
442,2020,6,17,negative,1443361
443,2020,6,17,neutral,1421201
444,2020,6,17,positive,253791
445,2020,6,18,negative,1312861
446,2020,6,18,neutral,1395896
447,2020,6,18,positive,317809
448,2020,6,19,negative,1220364
449,2020,6,19,neutral,1556689
450,2020,6,19,positive,312573
451,2020,6,20,negative,1246485
452,2020,6,20,neutral,1432476
453,2020,6,20,positive,286907
454,2020,6,21,negative,1460745
455,2020,6,21,neutral,1160605
456,2020,6,21,positive,260257
457,2020,6,22,negative,1444967
458,2020,6,22,neutral,1360929
459,2020,6,22,positive,284394
460,2020,6,23,negative,1580404
461,2020,6,23,neutral,1522507
462,2020,6,23,positive,292901
463,2020,6,24,negative,1501190
464,2020,6,24,neutral,1630577
465,2020,6,24,positive,267041
466,2020,6,25,negative,1716072
467,2020,6,25,neutral,1559078
468,2020,6,25,positive,288254
469,2020,6,26,negative,1858199
470,2020,6,26,neutral,1601400
471,2020,6,26,positive,320788
472,2020,6,27,negative,1628246
473,2020,6,27,neutral,1499337
474,2020,6,27,positive,309405
475,2020,6,28,negative,1628051
476,2020,6,28,neutral,1487961
477,2020,6,28,positive,285082
478,2020,6,29,negative,1635983
479,2020,6,29,neutral,1544968
480,2020,6,29,positive,278691
481,2020,6,30,negative,1842600
482,2020,6,30,neutral,1618341
483,2020,6,30,positive,291377
484,2020,7,1,negative,1799952
485,2020,7,1,neutral,1572422
486,2020,7,1,positive,380382
487,2020,7,2,negative,1697218
488,2020,7,2,neutral,1583988
489,2020,7,2,positive,323262
490,2020,7,3,negative,1682233
491,2020,7,3,neutral,1569324
492,2020,7,3,positive,381075
493,2020,7,4,negative,1636422
494,2020,7,4,neutral,1416034
495,2020,7,4,positive,404988
496,2020,7,5,negative,1653266
497,2020,7,5,neutral,1428911
498,2020,7,5,positive,308958
499,2020,7,6,negative,1808494
500,2020,7,6,neutral,1624526
501,2020,7,6,positive,284400
502,2020,7,7,negative,1618622
503,2020,7,7,neutral,1642469
504,2020,7,7,positive,260154
505,2020,7,8,negative,1641766
506,2020,7,8,neutral,1691603
507,2020,7,8,positive,289676
508,2020,7,9,negative,1555942
509,2020,7,9,neutral,1611279
510,2020,7,9,positive,283799
511,2020,7,10,negative,1612422
512,2020,7,10,neutral,1362093
513,2020,7,10,positive,289704
514,2020,7,11,negative,1470493
515,2020,7,11,neutral,1328274
516,2020,7,11,positive,316961
517,2020,7,12,negative,1285886
518,2020,7,12,neutral,1241469
519,2020,7,12,positive,317844
520,2020,7,13,negative,1841312
521,2020,7,13,neutral,1764618
522,2020,7,13,positive,385187
523,2020,7,14,negative,1742244
524,2020,7,14,neutral,1691137
525,2020,7,14,positive,287513
526,2020,7,15,negative,1996229
527,2020,7,15,neutral,1697182
528,2020,7,15,positive,290065
529,2020,7,16,negative,1977195
530,2020,7,16,neutral,1650048
531,2020,7,16,positive,244262
532,2020,7,17,negative,1923943
533,2020,7,17,neutral,1649018
534,2020,7,17,positive,263648
535,2020,7,18,negative,1621635
536,2020,7,18,neutral,1529013
537,2020,7,18,positive,305081
538,2020,7,19,negative,1682374
539,2020,7,19,neutral,1475774
540,2020,7,19,positive,324834
541,2020,7,20,negative,1530898
542,2020,7,20,neutral,1420748
543,2020,7,20,positive,288230
544,2020,7,21,negative,1555751
545,2020,7,21,neutral,1519707
546,2020,7,21,positive,313095
547,2020,7,22,negative,1484759
548,2020,7,22,neutral,1572444
549,2020,7,22,positive,327083
550,2020,7,23,negative,1490028
551,2020,7,23,neutral,1450689
552,2020,7,23,positive,314388
553,2020,7,24,negative,1418079
554,2020,7,24,neutral,1411837
555,2020,7,24,positive,290388
556,2020,7,25,negative,1404785
557,2020,7,25,neutral,1475931
558,2020,7,25,positive,258984
559,2020,7,26,negative,1417240
560,2020,7,26,neutral,1307287
561,2020,7,26,positive,245698
562,2020,7,27,negative,1460828
563,2020,7,27,neutral,1535958
564,2020,7,27,positive,308827
565,2020,7,28,negative,1705072
566,2020,7,28,neutral,1713376
567,2020,7,28,positive,277755
568,2020,7,29,negative,1536426
569,2020,7,29,neutral,1711198
570,2020,7,29,positive,330152
571,2020,7,30,negative,1695378
572,2020,7,30,neutral,1585219
573,2020,7,30,positive,296939
574,2020,7,31,negative,1552115
575,2020,7,31,neutral,1590447
576,2020,7,31,positive,311090
577,2020,8,1,negative,1366555
578,2020,8,1,neutral,1365094
579,2020,8,1,positive,305727
580,2020,8,2,negative,1485374
581,2020,8,2,neutral,1485085
582,2020,8,2,positive,275067
583,2020,8,3,negative,1434976
584,2020,8,3,neutral,1385445
585,2020,8,3,positive,272010
586,2020,8,4,negative,1614891
587,2020,8,4,neutral,1462115
588,2020,8,4,positive,279321
589,2020,8,5,negative,1309972
590,2020,8,5,neutral,1323542
591,2020,8,5,positive,253278
592,2020,8,6,negative,1476609
593,2020,8,6,neutral,1368328
594,2020,8,6,positive,243074
595,2020,8,7,negative,1425240
596,2020,8,7,neutral,1401477
597,2020,8,7,positive,270831
598,2020,8,8,negative,1352948
599,2020,8,8,neutral,1134827
600,2020,8,8,positive,279584
601,2020,8,9,negative,1526275
602,2020,8,9,neutral,1298335
603,2020,8,9,positive,251729
604,2020,8,10,negative,1605333
605,2020,8,10,neutral,1495852
606,2020,8,10,positive,331673
607,2020,8,11,negative,1476775
608,2020,8,11,neutral,1501225
609,2020,8,11,positive,324918
610,2020,8,12,negative,1225377
611,2020,8,12,neutral,1217303
612,2020,8,12,positive,262741
613,2020,8,13,negative,1333123
614,2020,8,13,neutral,1367758
615,2020,8,13,positive,269495
616,2020,8,14,negative,1310455
617,2020,8,14,neutral,1370960
618,2020,8,14,positive,250359
619,2020,8,15,negative,1209551
620,2020,8,15,neutral,1171076
621,2020,8,15,positive,322091
622,2020,8,16,negative,1247316
623,2020,8,16,neutral,1119212
624,2020,8,16,positive,234664
625,2020,8,17,negative,1225195
626,2020,8,17,neutral,1283598
627,2020,8,17,positive,251370
628,2020,8,18,negative,1340607
629,2020,8,18,neutral,1295826
630,2020,8,18,positive,311691
631,2020,8,19,negative,1278795
632,2020,8,19,neutral,1256350
633,2020,8,19,positive,327667
634,2020,8,20,negative,1356324
635,2020,8,20,neutral,1294276
636,2020,8,20,positive,282167
637,2020,8,21,negative,1460191
638,2020,8,21,neutral,1460487
639,2020,8,21,positive,280557
640,2020,8,22,negative,1423859
641,2020,8,22,neutral,1332624
642,2020,8,22,positive,260225
643,2020,8,23,negative,1634650
644,2020,8,23,neutral,1459908
645,2020,8,23,positive,281826
646,2020,8,24,negative,1483546
647,2020,8,24,neutral,1440385
648,2020,8,24,positive,292210
649,2020,8,25,negative,1497680
650,2020,8,25,neutral,1481534
651,2020,8,25,positive,315643
652,2020,8,26,negative,1525185
653,2020,8,26,neutral,1518376
654,2020,8,26,positive,236324
655,2020,8,27,negative,1520186
656,2020,8,27,neutral,1443471
657,2020,8,27,positive,247058
658,2020,8,28,negative,1599860
659,2020,8,28,neutral,1443447
660,2020,8,28,positive,265473
661,2020,8,29,negative,1266156
662,2020,8,29,neutral,1131199
663,2020,8,29,positive,260191
664,2020,8,30,negative,1370695
665,2020,8,30,neutral,1206342
666,2020,8,30,positive,282363
667,2020,8,31,negative,1501691
668,2020,8,31,neutral,1295163
669,2020,8,31,positive,243374
670,2020,9,1,negative,1504731
671,2020,9,1,neutral,1223184
672,2020,9,1,positive,297808
673,2020,9,2,negative,1483224
674,2020,9,2,neutral,1302241
675,2020,9,2,positive,280002
676,2020,9,3,negative,1544659
677,2020,9,3,neutral,1312686
678,2020,9,3,positive,316243
679,2020,9,4,negative,1279959
680,2020,9,4,neutral,1229972
681,2020,9,4,positive,281473
682,2020,9,5,negative,1123496
683,2020,9,5,neutral,1066470
684,2020,9,5,positive,265576
685,2020,9,6,negative,1029485
686,2020,9,6,neutral,1092215
687,2020,9,6,positive,254259
688,2020,9,7,negative,1258941
689,2020,9,7,neutral,1175954
690,2020,9,7,positive,275278
691,2020,9,8,negative,1353445
692,2020,9,8,neutral,1239137
693,2020,9,8,positive,265235
694,2020,9,9,negative,1855480
695,2020,9,9,neutral,1456469
696,2020,9,9,positive,257531
697,2020,9,10,negative,2119398
698,2020,9,10,neutral,1556042
699,2020,9,10,positive,260183
700,2020,9,11,negative,1574281
701,2020,9,11,neutral,1361530
702,2020,9,11,positive,245421
703,2020,9,12,negative,1292392
704,2020,9,12,neutral,1246667
705,2020,9,12,positive,241630
706,2020,9,13,negative,1371491
707,2020,9,13,neutral,1195225
708,2020,9,13,positive,221926
709,2020,9,14,negative,1321835
710,2020,9,14,neutral,1274621
711,2020,9,14,positive,276304
712,2020,9,15,negative,1378877
713,2020,9,15,neutral,1437362
714,2020,9,15,positive,280624
715,2020,9,16,negative,1345881
716,2020,9,16,neutral,1525722
717,2020,9,16,positive,294319
718,2020,9,17,negative,1655002
719,2020,9,17,neutral,1595349
720,2020,9,17,positive,307362
721,2020,9,18,negative,1542950
722,2020,9,18,neutral,1531965
723,2020,9,18,positive,293168
724,2020,9,19,negative,1033069
725,2020,9,19,neutral,937326
726,2020,9,19,positive,222308
727,2020,9,20,negative,1169409
728,2020,9,20,neutral,1061546
729,2020,9,20,positive,235889
730,2020,9,21,negative,1337799
731,2020,9,21,neutral,1362603
732,2020,9,21,positive,297454
733,2020,9,22,negative,1611829
734,2020,9,22,neutral,1528639
735,2020,9,22,positive,366276
736,2020,9,23,negative,1211832
737,2020,9,23,neutral,1207302
738,2020,9,23,positive,264243
739,2020,9,24,negative,1318024
740,2020,9,24,neutral,1380925
741,2020,9,24,positive,321665
742,2020,9,25,negative,1229597
743,2020,9,25,neutral,1259274
744,2020,9,25,positive,306740
745,2020,9,26,negative,1259329
746,2020,9,26,neutral,1118176
747,2020,9,26,positive,256551
748,2020,9,27,negative,1019450
749,2020,9,27,neutral,952946
750,2020,9,27,positive,252007
751,2020,9,28,negative,1066279
752,2020,9,28,neutral,1075887
753,2020,9,28,positive,250120
754,2020,9,29,negative,1212118
755,2020,9,29,neutral,1212407
756,2020,9,29,positive,271838
757,2020,9,30,negative,1304320
758,2020,9,30,neutral,1112125
759,2020,9,30,positive,293636
760,2020,10,1,negative,1117346
761,2020,10,1,neutral,1202792
762,2020,10,1,positive,251725
763,2020,10,2,negative,2103109
764,2020,10,2,neutral,2401226
765,2020,10,2,positive,706498
766,2020,10,3,negative,2255047
767,2020,10,3,neutral,2416012
768,2020,10,3,positive,493336
769,2020,10,4,negative,2158375
770,2020,10,4,neutral,1934935
771,2020,10,4,positive,375907
772,2020,10,5,negative,2479206
773,2020,10,5,neutral,1833122
774,2020,10,5,positive,419441
775,2020,10,6,negative,2519460
776,2020,10,6,neutral,1989190
777,2020,10,6,positive,359234
778,2020,10,7,negative,1949993
779,2020,10,7,neutral,1862491
780,2020,10,7,positive,352425
781,2020,10,8,negative,1782632
782,2020,10,8,neutral,1823066
783,2020,10,8,positive,360214
784,2020,10,9,negative,1615164
785,2020,10,9,neutral,1714645
786,2020,10,9,positive,314118
787,2020,10,10,negative,1743190
788,2020,10,10,neutral,1572376
789,2020,10,10,positive,301565
790,2020,10,11,negative,1637739
791,2020,10,11,neutral,1426469
792,2020,10,11,positive,254073
793,2020,10,12,negative,1505272
794,2020,10,12,neutral,1498011
795,2020,10,12,positive,269045
796,2020,10,13,negative,1614586
797,2020,10,13,neutral,1568023
798,2020,10,13,positive,313624
799,2020,10,14,negative,1413536
800,2020,10,14,neutral,1357036
801,2020,10,14,positive,280485
802,2020,10,15,negative,1354447
803,2020,10,15,neutral,1347202
804,2020,10,15,positive,279188
805,2020,10,16,negative,1443967
806,2020,10,16,neutral,1324989
807,2020,10,16,positive,254797
808,2020,10,17,negative,1259329
809,2020,10,17,neutral,1175085
810,2020,10,17,positive,254182
811,2020,10,18,negative,1243024
812,2020,10,18,neutral,1261831
813,2020,10,18,positive,287729
814,2020,10,19,negative,1262233
815,2020,10,19,neutral,1470320
816,2020,10,19,positive,298854
817,2020,10,20,negative,1460763
818,2020,10,20,neutral,1422675
819,2020,10,20,positive,289737
820,2020,10,21,negative,1388409
821,2020,10,21,neutral,1223257
822,2020,10,21,positive,270747
823,2020,10,22,negative,1410824
824,2020,10,22,neutral,1212706
825,2020,10,22,positive,281305
826,2020,10,23,negative,1395265
827,2020,10,23,neutral,1274740
828,2020,10,23,positive,278829
829,2020,10,24,negative,1267760
830,2020,10,24,neutral,1204116
831,2020,10,24,positive,241654
832,2020,10,25,negative,1412082
833,2020,10,25,neutral,1344345
834,2020,10,25,positive,273721
835,2020,10,26,negative,1363267
836,2020,10,26,neutral,1236784
837,2020,10,26,positive,243886
838,2020,10,27,negative,1396300
839,2020,10,27,neutral,1166802
840,2020,10,27,positive,246758
841,2020,10,28,negative,1330829
842,2020,10,28,neutral,1182224
843,2020,10,28,positive,262610
844,2020,10,29,negative,1264523
845,2020,10,29,neutral,1231706
846,2020,10,29,positive,313190
847,2020,10,30,negative,1464624
848,2020,10,30,neutral,1282515
849,2020,10,30,positive,302255
850,2020,10,31,negative,1038174
851,2020,10,31,neutral,954376
852,2020,10,31,positive,241968
853,2020,11,1,negative,1399298
854,2020,11,1,neutral,1195397
855,2020,11,1,positive,325635
856,2020,11,2,negative,1375364
857,2020,11,2,neutral,1272684
858,2020,11,2,positive,328177
859,2020,11,3,negative,1176722
860,2020,11,3,neutral,1148497
861,2020,11,3,positive,284523
862,2020,11,4,negative,1022170
863,2020,11,4,neutral,930112
864,2020,11,4,positive,243269
865,2020,11,5,negative,1154705
866,2020,11,5,neutral,1120230
867,2020,11,5,positive,277446
868,2020,11,6,negative,1060733
869,2020,11,6,neutral,1042079
870,2020,11,6,positive,287669
871,2020,11,7,negative,1163463
872,2020,11,7,neutral,1182220
873,2020,11,7,positive,358725
874,2020,11,8,negative,1040938
875,2020,11,8,neutral,964612
876,2020,11,8,positive,278080
877,2020,11,9,negative,1076068
878,2020,11,9,neutral,1465172
879,2020,11,9,positive,420194
880,2020,11,10,negative,1094515
881,2020,11,10,neutral,1280949
882,2020,11,10,positive,330739
883,2020,11,11,negative,1107382
884,2020,11,11,neutral,1207889
885,2020,11,11,positive,283568
886,2020,11,12,negative,1323929
887,2020,11,12,neutral,1402327
888,2020,11,12,positive,317652
889,2020,11,13,negative,1718451
890,2020,11,13,neutral,1523452
891,2020,11,13,positive,373043
892,2020,11,14,negative,1268537
893,2020,11,14,neutral,1335055
894,2020,11,14,positive,346219
895,2020,11,15,negative,1366951
896,2020,11,15,neutral,1201445
897,2020,11,15,positive,327730
898,2020,11,16,negative,1375219
899,2020,11,16,neutral,1378725
900,2020,11,16,positive,348135
901,2020,11,17,negative,1370758
902,2020,11,17,neutral,1356488
903,2020,11,17,positive,354509
904,2020,11,18,negative,1428338
905,2020,11,18,neutral,1327388
906,2020,11,18,positive,359334
907,2020,11,19,negative,1582079
908,2020,11,19,neutral,1457934
909,2020,11,19,positive,372844
910,2020,11,20,negative,1418375
911,2020,11,20,neutral,1526296
912,2020,11,20,positive,422461
913,2020,11,21,negative,1378566
914,2020,11,21,neutral,1500497
915,2020,11,21,positive,394443
916,2020,11,22,negative,1421105
917,2020,11,22,neutral,1342017
918,2020,11,22,positive,327208
919,2020,11,23,negative,1404554
920,2020,11,23,neutral,1426835
921,2020,11,23,positive,328782
922,2020,11,24,negative,1294901
923,2020,11,24,neutral,1336579
924,2020,11,24,positive,320913
925,2020,11,25,negative,1364650
926,2020,11,25,neutral,1253694
927,2020,11,25,positive,337188
928,2020,11,26,negative,1272629
929,2020,11,26,neutral,1206318
930,2020,11,26,positive,440748
931,2020,11,27,negative,1086460
932,2020,11,27,neutral,1003813
933,2020,11,27,positive,332788
934,2020,11,28,negative,1044852
935,2020,11,28,neutral,1022171
936,2020,11,28,positive,254089
937,2020,11,29,negative,1175785
938,2020,11,29,neutral,1051417
939,2020,11,29,positive,263750
940,2020,11,30,negative,1281237
941,2020,11,30,neutral,1146285
942,2020,11,30,positive,316958
943,2020,12,1,negative,2641448
944,2020,12,1,neutral,2439274
945,2020,12,1,positive,628548
946,2020,12,2,negative,2117250
947,2020,12,2,neutral,2176281
948,2020,12,2,positive,645669
949,2020,12,3,negative,702166
950,2020,12,3,neutral,706939
951,2020,12,3,positive,187958
952,2020,12,4,negative,2685640
953,2020,12,4,neutral,2555278
954,2020,12,4,positive,605406
955,2020,12,5,negative,1283528
956,2020,12,5,neutral,1122968
957,2020,12,5,positive,268540
958,2020,12,6,negative,1267767
959,2020,12,6,neutral,1126240
960,2020,12,6,positive,321123
961,2020,12,7,negative,1335657
962,2020,12,7,neutral,1504297
963,2020,12,7,positive,388261
964,2020,12,8,negative,1441748
965,2020,12,8,neutral,1483761
966,2020,12,8,positive,376740
967,2020,12,9,negative,1435469
968,2020,12,9,neutral,1344940
969,2020,12,9,positive,318954
970,2020,12,10,negative,1350613
971,2020,12,10,neutral,1237700
972,2020,12,10,positive,296546
973,2020,12,11,negative,1130048
974,2020,12,11,neutral,1121802
975,2020,12,11,positive,282484
976,2020,12,12,negative,1004089
977,2020,12,12,neutral,1038280
978,2020,12,12,positive,352981
979,2020,12,13,negative,1084094
980,2020,12,13,neutral,1108218
981,2020,12,13,positive,307498
982,2020,12,14,negative,1219754
983,2020,12,14,neutral,1301315
984,2020,12,14,positive,327595
985,2020,12,15,negative,1192806
986,2020,12,15,neutral,1313727
987,2020,12,15,positive,336920
988,2020,12,16,negative,1326252
989,2020,12,16,neutral,1375159
990,2020,12,16,positive,320245
991,2020,12,17,negative,1439649
992,2020,12,17,neutral,1482434
993,2020,12,17,positive,301533
994,2020,12,18,negative,1449369
995,2020,12,18,neutral,1415957
996,2020,12,18,positive,300076
997,2020,12,19,negative,1537074
998,2020,12,19,neutral,1343966
999,2020,12,19,positive,285983
1000,2020,12,20,negative,1468048
1001,2020,12,20,neutral,1322270
1002,2020,12,20,positive,262440
1003,2020,12,21,negative,1589969
1004,2020,12,21,neutral,1578722
1005,2020,12,21,positive,262399
1006,2020,12,22,negative,1676221
1007,2020,12,22,neutral,1522202
1008,2020,12,22,positive,276788
1009,2020,12,23,negative,1366336
1010,2020,12,23,neutral,1342465
1011,2020,12,23,positive,317463
1012,2020,12,24,negative,1031336
1013,2020,12,24,neutral,1059779
1014,2020,12,24,positive,302864
1015,2020,12,25,negative,707249
1016,2020,12,25,neutral,727559
1017,2020,12,25,positive,275843
1018,2020,12,26,negative,923405
1019,2020,12,26,neutral,789932
1020,2020,12,26,positive,206158
1021,2020,12,27,negative,1197589
1022,2020,12,27,neutral,929050
1023,2020,12,27,positive,244389
1024,2020,12,28,negative,1302891
1025,2020,12,28,neutral,1222588
1026,2020,12,28,positive,273173
1027,2020,12,29,negative,1368492
1028,2020,12,29,neutral,1332443
1029,2020,12,29,positive,266217
1030,2020,12,30,negative,1568038
1031,2020,12,30,neutral,1554816
1032,2020,12,30,positive,300780
1033,2020,12,31,negative,1409214
1034,2020,12,31,neutral,1357762
1035,2020,12,31,positive,392633
1036,2021,1,1,negative,1179204
1037,2021,1,1,neutral,1146081
1038,2021,1,1,positive,371966
1039,2021,1,2,negative,1336079
1040,2021,1,2,neutral,1066022
1041,2021,1,2,positive,277072
1042,2021,1,3,negative,1351489
1043,2021,1,3,neutral,1190553
1044,2021,1,3,positive,304215
1045,2021,1,4,negative,1363527
1046,2021,1,4,neutral,1480698
1047,2021,1,4,positive,279102
1048,2021,1,5,negative,1390841
1049,2021,1,5,neutral,1543006
1050,2021,1,5,positive,295358
1051,2021,1,6,negative,1393111
1052,2021,1,6,neutral,1476313
1053,2021,1,6,positive,333518
1054,2021,1,7,negative,1137938
1055,2021,1,7,neutral,1115338
1056,2021,1,7,positive,253066
1057,2021,1,8,negative,1150596
1058,2021,1,8,neutral,1157380
1059,2021,1,8,positive,259051
1060,2021,1,9,negative,940382
1061,2021,1,9,neutral,929761
1062,2021,1,9,positive,229011
1063,2021,1,10,negative,992628
1064,2021,1,10,neutral,970648
1065,2021,1,10,positive,215507
1066,2021,1,11,negative,1127681
1067,2021,1,11,neutral,1120890
1068,2021,1,11,positive,276932
1069,2021,1,12,negative,1200975
1070,2021,1,12,neutral,1313890
1071,2021,1,12,positive,293720
1072,2021,1,13,negative,1258016
1073,2021,1,13,neutral,1264241
1074,2021,1,13,positive,254182
1075,2021,1,14,negative,1056129
1076,2021,1,14,neutral,1206480
1077,2021,1,14,positive,267923
1078,2021,1,15,negative,1064170
1079,2021,1,15,neutral,1104116
1080,2021,1,15,positive,246745
1081,2021,1,16,negative,1313679
1082,2021,1,16,neutral,1252328
1083,2021,1,16,positive,339768
1084,2021,1,17,negative,1138692
1085,2021,1,17,neutral,1055614
1086,2021,1,17,positive,289863
1087,2021,1,18,negative,1118503
1088,2021,1,18,neutral,1140382
1089,2021,1,18,positive,300608
1090,2021,1,19,negative,1161278
1091,2021,1,19,neutral,1227968
1092,2021,1,19,positive,300409
1093,2021,1,20,negative,1059889
1094,2021,1,20,neutral,1171248
1095,2021,1,20,positive,367044
1096,2021,1,21,negative,1168306
1097,2021,1,21,neutral,1377865
1098,2021,1,21,positive,306745
1099,2021,1,22,negative,1185224
1100,2021,1,22,neutral,1336413
1101,2021,1,22,positive,315796
1102,2021,1,23,negative,1115491
1103,2021,1,23,neutral,1296584
1104,2021,1,23,positive,305285
1105,2021,1,24,negative,1112316
1106,2021,1,24,neutral,1427002
1107,2021,1,24,positive,232608
1108,2021,1,25,negative,1140806
1109,2021,1,25,neutral,1366763
1110,2021,1,25,positive,241978
1111,2021,1,26,negative,1202963
1112,2021,1,26,neutral,1299641
1113,2021,1,26,positive,313561
1114,2021,1,27,negative,1263948
1115,2021,1,27,neutral,1309222
1116,2021,1,27,positive,285374
1117,2021,1,28,negative,1041133
1118,2021,1,28,neutral,1178988
1119,2021,1,28,positive,323582
1120,2021,1,29,negative,1025513
1121,2021,1,29,neutral,1153394
1122,2021,1,29,positive,348689
1123,2021,1,30,negative,1058269
1124,2021,1,30,neutral,1150930
1125,2021,1,30,positive,245189
1126,2021,1,31,negative,1136983
1127,2021,1,31,neutral,1150729
1128,2021,1,31,positive,222812
1129,2021,2,1,negative,1042964
1130,2021,2,1,neutral,1248579
1131,2021,2,1,positive,268529
1132,2021,2,2,negative,1047355
1133,2021,2,2,neutral,1296050
1134,2021,2,2,positive,281497
1135,2021,2,3,negative,1167433
1136,2021,2,3,neutral,1282234
1137,2021,2,3,positive,307054
1138,2021,2,4,negative,977963
1139,2021,2,4,neutral,1193706
1140,2021,2,4,positive,298178
1141,2021,2,5,negative,905197
1142,2021,2,5,neutral,1168750
1143,2021,2,5,positive,290005
1144,2021,2,6,negative,458861
1145,2021,2,6,neutral,557812
1146,2021,2,6,positive,128984
1147,2021,2,7,negative,960051
1148,2021,2,7,neutral,1019703
1149,2021,2,7,positive,207542
1150,2021,2,8,negative,1081445
1151,2021,2,8,neutral,1173919
1152,2021,2,8,positive,265874
1153,2021,2,9,negative,973759
1154,2021,2,9,neutral,1154334
1155,2021,2,9,positive,261497
1156,2021,2,11,negative,966202
1157,2021,2,11,neutral,989505
1158,2021,2,11,positive,267612
1159,2021,2,12,negative,1089832
1160,2021,2,12,neutral,1079398
1161,2021,2,12,positive,307644
1162,2021,2,13,negative,887015
1163,2021,2,13,neutral,889439
1164,2021,2,13,positive,215368
1165,2021,2,14,negative,749372
1166,2021,2,14,neutral,770624
1167,2021,2,14,positive,229481
1168,2021,2,15,negative,992452
1169,2021,2,15,neutral,1006914
1170,2021,2,15,positive,224563
1171,2021,2,16,negative,994101
1172,2021,2,16,neutral,1074920
1173,2021,2,16,positive,229276
1174,2021,2,17,negative,1124962
1175,2021,2,17,neutral,1080552
1176,2021,2,17,positive,243830
1177,2021,2,18,negative,1024114
1178,2021,2,18,neutral,1038602
1179,2021,2,18,positive,231035
1180,2021,2,19,negative,947524
1181,2021,2,19,neutral,1098511
1182,2021,2,19,positive,237492
1183,2021,2,20,negative,797079
1184,2021,2,20,neutral,814673
1185,2021,2,20,positive,190692
1186,2021,2,21,negative,875604
1187,2021,2,21,neutral,885597
1188,2021,2,21,positive,198174
1189,2021,2,22,negative,1028595
1190,2021,2,22,neutral,1125229
1191,2021,2,22,positive,241758
1192,2021,2,23,negative,1161934
1193,2021,2,23,neutral,1148863
1194,2021,2,23,positive,283799
1195,2021,2,24,negative,1023677
1196,2021,2,24,neutral,1175079
1197,2021,2,24,positive,255380
1198,2021,2,25,negative,147465
1199,2021,2,25,neutral,195450
1200,2021,2,25,positive,33443
1201,2021,2,26,negative,595586
1202,2021,2,26,neutral,593234
1203,2021,2,26,positive,158647
1204,2021,2,27,negative,480628
1205,2021,2,27,neutral,482975
1206,2021,2,27,positive,113049
1207,2021,2,28,negative,854078
1208,2021,2,28,neutral,838565
1209,2021,2,28,positive,243863
1210,2021,3,1,negative,700135
1211,2021,3,1,neutral,966577
1212,2021,3,1,positive,210835
1213,2021,3,2,negative,1010929
1214,2021,3,2,neutral,1172442
1215,2021,3,2,positive,254384
1216,2021,3,3,negative,1235073
1217,2021,3,3,neutral,1272475
1218,2021,3,3,positive,247801
1219,2021,3,4,negative,1047671
1220,2021,3,4,neutral,1181771
1221,2021,3,4,positive,258564
1222,2021,3,5,negative,1048812
1223,2021,3,5,neutral,1291997
1224,2021,3,5,positive,309262
1225,2021,3,6,negative,899682
1226,2021,3,6,neutral,1065023
1227,2021,3,6,positive,254479
1228,2021,3,7,negative,883144
1229,2021,3,7,neutral,1012307
1230,2021,3,7,positive,226774
1231,2021,3,8,negative,863073
1232,2021,3,8,neutral,919078
1233,2021,3,8,positive,282797
1234,2021,3,9,negative,883877
1235,2021,3,9,neutral,1013683
1236,2021,3,9,positive,273073
1237,2021,3,10,negative,895955
1238,2021,3,10,neutral,1222527
1239,2021,3,10,positive,276924
1240,2021,3,11,negative,988939
1241,2021,3,11,neutral,1251162
1242,2021,3,11,positive,342092
1243,2021,3,12,negative,1031865
1244,2021,3,12,neutral,1260574
1245,2021,3,12,positive,354400
1246,2021,3,13,negative,784013
1247,2021,3,13,neutral,753562
1248,2021,3,13,positive,224091
1249,2021,3,14,negative,787943
1250,2021,3,14,neutral,754517
1251,2021,3,14,positive,183351
1252,2021,3,15,negative,825949
1253,2021,3,15,neutral,853685
1254,2021,3,15,positive,226217
1255,2021,3,16,negative,817692
1256,2021,3,16,neutral,911021
1257,2021,3,16,positive,204503
1258,2021,3,17,negative,975874
1259,2021,3,17,neutral,785806
1260,2021,3,17,positive,193299
1261,2021,3,18,negative,903898
1262,2021,3,18,neutral,896260
1263,2021,3,18,positive,194219
1264,2021,3,19,negative,863290
1265,2021,3,19,neutral,936151
1266,2021,3,19,positive,246917
1267,2021,3,20,negative,907866
1268,2021,3,20,neutral,910506
1269,2021,3,20,positive,285240
1270,2021,3,21,negative,925777
1271,2021,3,21,neutral,963134
1272,2021,3,21,positive,245665
1273,2021,3,22,negative,880188
1274,2021,3,22,neutral,1082526
1275,2021,3,22,positive,260856
1276,2021,3,23,negative,929781
1277,2021,3,23,neutral,1098175
1278,2021,3,23,positive,267675
1279,2021,3,24,negative,919800
1280,2021,3,24,neutral,954553
1281,2021,3,24,positive,217956
1282,2021,3,25,negative,835009
1283,2021,3,25,neutral,1036443
1284,2021,3,25,positive,212045
1285,2021,3,26,negative,726602
1286,2021,3,26,neutral,996503
1287,2021,3,26,positive,205927
1288,2021,3,27,negative,701675
1289,2021,3,27,neutral,817302
1290,2021,3,27,positive,193225
1291,2021,3,28,negative,746168
1292,2021,3,28,neutral,748972
1293,2021,3,28,positive,184423
1294,2021,3,29,negative,909771
1295,2021,3,29,neutral,1070231
1296,2021,3,29,positive,237160
1297,2021,3,30,negative,1022278
1298,2021,3,30,neutral,1140948
1299,2021,3,30,positive,229951
1300,2021,3,31,negative,908141
1301,2021,3,31,neutral,1085580
1302,2021,3,31,positive,222046
1303,2021,4,1,negative,907875
1304,2021,4,1,neutral,1040963
1305,2021,4,1,positive,222076
1306,2021,4,2,negative,861348
1307,2021,4,2,neutral,1009723
1308,2021,4,2,positive,222981
1309,2021,4,3,negative,747739
1310,2021,4,3,neutral,884964
1311,2021,4,3,positive,186883
1312,2021,4,4,negative,695128
1313,2021,4,4,neutral,831383
1314,2021,4,4,positive,198579
1315,2021,4,5,negative,909591
1316,2021,4,5,neutral,1084628
1317,2021,4,5,positive,262618
1318,2021,4,6,negative,934486
1319,2021,4,6,neutral,1297765
1320,2021,4,6,positive,263476
1321,2021,4,7,negative,960212
1322,2021,4,7,neutral,1246431
1323,2021,4,7,positive,262870
1324,2021,4,8,negative,977531
1325,2021,4,8,neutral,1191215
1326,2021,4,8,positive,260014
1327,2021,4,9,negative,910037
1328,2021,4,9,neutral,1094522
1329,2021,4,9,positive,229815
1330,2021,4,10,negative,811878
1331,2021,4,10,neutral,961186
1332,2021,4,10,positive,187289
1333,2021,4,11,negative,850485
1334,2021,4,11,neutral,871162
1335,2021,4,11,positive,172391
1336,2021,4,12,negative,481334
1337,2021,4,12,neutral,566172
1338,2021,4,12,positive,92194
1339,2021,4,13,negative,844874
1340,2021,4,13,neutral,867708
1341,2021,4,13,positive,225067
1342,2021,4,14,negative,783563
1343,2021,4,14,neutral,889179
1344,2021,4,14,positive,201155
1345,2021,4,15,negative,764236
1346,2021,4,15,neutral,941390
1347,2021,4,15,positive,175274
1348,2021,4,16,negative,924365
1349,2021,4,16,neutral,1074704
1350,2021,4,16,positive,246550
1351,2021,4,17,negative,852841
1352,2021,4,17,neutral,981496
1353,2021,4,17,positive,208366
1354,2021,4,18,negative,1005976
1355,2021,4,18,neutral,1178339
1356,2021,4,18,positive,201708
1357,2021,4,19,negative,1080026
1358,2021,4,19,neutral,1353042
1359,2021,4,19,positive,270847
1360,2021,4,20,negative,1084150
1361,2021,4,20,neutral,1285525
1362,2021,4,20,positive,286645
1363,2021,4,21,negative,1023601
1364,2021,4,21,neutral,1296887
1365,2021,4,21,positive,257513
1366,2021,4,22,negative,1152225
1367,2021,4,22,neutral,1362913
1368,2021,4,22,positive,259363
1369,2021,4,23,negative,1124297
1370,2021,4,23,neutral,1428230
1371,2021,4,23,positive,268829
1372,2021,4,24,negative,909004
1373,2021,4,24,neutral,1089212
1374,2021,4,24,positive,220584
1375,2021,4,25,negative,1222561
1376,2021,4,25,neutral,1422358
1377,2021,4,25,positive,289777
1378,2021,4,26,negative,1238664
1379,2021,4,26,neutral,1515762
1380,2021,4,26,positive,302583
1381,2021,4,27,negative,1298601
1382,2021,4,27,neutral,1588442
1383,2021,4,27,positive,307442
1384,2021,4,28,negative,1152383
1385,2021,4,28,neutral,1394165
1386,2021,4,28,positive,324594
1387,2021,4,29,negative,1182862
1388,2021,4,29,neutral,1446167
1389,2021,4,29,positive,307340
1390,2021,4,30,negative,1104870
1391,2021,4,30,neutral,1359355
1392,2021,4,30,positive,323126
1393,2021,5,1,negative,1124708
1394,2021,5,1,neutral,1321181
1395,2021,5,1,positive,328361
1396,2021,5,2,negative,996898
1397,2021,5,2,neutral,1145119
1398,2021,5,2,positive,284266
1399,2021,5,3,negative,1068697
1400,2021,5,3,neutral,1295279
1401,2021,5,3,positive,276210
1402,2021,5,4,negative,1201936
1403,2021,5,4,neutral,1340158
1404,2021,5,4,positive,274561
1405,2021,5,5,negative,1022552
1406,2021,5,5,neutral,1363648
1407,2021,5,5,positive,282477
1408,2021,5,6,negative,813144
1409,2021,5,6,neutral,1076934
1410,2021,5,6,positive,240256
1411,2021,5,7,negative,1009063
1412,2021,5,7,neutral,1297937
1413,2021,5,7,positive,296495
1414,2021,5,8,negative,947870
1415,2021,5,8,neutral,1221047
1416,2021,5,8,positive,261584
1417,2021,5,9,negative,870017
1418,2021,5,9,neutral,1052528
1419,2021,5,9,positive,226022
1420,2021,5,10,negative,1056126
1421,2021,5,10,neutral,1304019
1422,2021,5,10,positive,393959
1423,2021,5,11,negative,514631
1424,2021,5,11,neutral,651613
1425,2021,5,11,positive,110092
1426,2021,5,12,negative,1075541
1427,2021,5,12,neutral,1262929
1428,2021,5,12,positive,328365
1429,2021,5,13,negative,1168261
1430,2021,5,13,neutral,1382156
1431,2021,5,13,positive,312353
1432,2021,5,14,negative,1342755
1433,2021,5,14,neutral,1652021
1434,2021,5,14,positive,353876
1435,2021,5,15,negative,1151898
1436,2021,5,15,neutral,1405161
1437,2021,5,15,positive,302490
1438,2021,5,16,negative,1067272
1439,2021,5,16,neutral,1174960
1440,2021,5,16,positive,253907
1441,2021,5,17,negative,1156197
1442,2021,5,17,neutral,1274550
1443,2021,5,17,positive,302731
1444,2021,5,18,negative,1213546
1445,2021,5,18,neutral,1330121
1446,2021,5,18,positive,252132
1447,2021,5,19,negative,1060913
1448,2021,5,19,neutral,1179522
1449,2021,5,19,positive,270628
1450,2021,5,20,negative,993254
1451,2021,5,20,neutral,1184754
1452,2021,5,20,positive,274883
1453,2021,5,21,negative,831260
1454,2021,5,21,neutral,1115776
1455,2021,5,21,positive,260887
1456,2021,5,22,negative,848316
1457,2021,5,22,neutral,939291
1458,2021,5,22,positive,203552
1459,2021,5,23,negative,948312
1460,2021,5,23,neutral,1171451
1461,2021,5,23,positive,203426
1462,2021,5,24,negative,1030171
1463,2021,5,24,neutral,1267608
1464,2021,5,24,positive,234009
1465,2021,5,25,negative,986473
1466,2021,5,25,neutral,1193619
1467,2021,5,25,positive,260775
1468,2021,5,26,negative,1100141
1469,2021,5,26,neutral,1200159
1470,2021,5,26,positive,240187
1471,2021,5,27,negative,1037408
1472,2021,5,27,neutral,1240711
1473,2021,5,27,positive,231034
1474,2021,5,28,negative,904445
1475,2021,5,28,neutral,1124145
1476,2021,5,28,positive,210075
1477,2021,5,29,negative,892126
1478,2021,5,29,neutral,1020299
1479,2021,5,29,positive,241964
1480,2021,5,30,negative,767531
1481,2021,5,30,neutral,859298
1482,2021,5,30,positive,246332
1483,2021,5,31,negative,660337
1484,2021,5,31,neutral,838278
1485,2021,5,31,positive,214848
1486,2021,6,1,negative,739347
1487,2021,6,1,neutral,904873
1488,2021,6,1,positive,195218
1489,2021,6,2,negative,915995
1490,2021,6,2,neutral,1093383
1491,2021,6,2,positive,234195
1492,2021,6,3,negative,899616
1493,2021,6,3,neutral,1080154
1494,2021,6,3,positive,231003
1495,2021,6,4,negative,910771
1496,2021,6,4,neutral,1005583
1497,2021,6,4,positive,216116
1498,2021,6,5,negative,628729
1499,2021,6,5,neutral,706337
1500,2021,6,5,positive,149441
1501,2021,6,6,negative,610379
1502,2021,6,6,neutral,627868
1503,2021,6,6,positive,150091
1504,2021,6,7,negative,709073
1505,2021,6,7,neutral,865312
1506,2021,6,7,positive,177645
1507,2021,6,8,negative,683116
1508,2021,6,8,neutral,830949
1509,2021,6,8,positive,191195
1510,2021,6,9,negative,722856
1511,2021,6,9,neutral,951280
1512,2021,6,9,positive,201834
1513,2021,6,10,negative,654606
1514,2021,6,10,neutral,807628
1515,2021,6,10,positive,170862
1516,2021,6,11,negative,720064
1517,2021,6,11,neutral,890557
1518,2021,6,11,positive,201874
1519,2021,6,12,negative,637567
1520,2021,6,12,neutral,727317
1521,2021,6,12,positive,156693
1522,2021,6,13,negative,726206
1523,2021,6,13,neutral,761586
1524,2021,6,13,positive,143127
1525,2021,6,14,negative,788067
1526,2021,6,14,neutral,880410
1527,2021,6,14,positive,189704
1528,2021,6,15,negative,786384
1529,2021,6,15,neutral,882730
1530,2021,6,15,positive,199837
1531,2021,6,16,negative,742341
1532,2021,6,16,neutral,858916
1533,2021,6,16,positive,198681
1534,2021,6,17,negative,682936
1535,2021,6,17,neutral,787211
1536,2021,6,17,positive,172258
1537,2021,6,18,negative,660318
1538,2021,6,18,neutral,800156
1539,2021,6,18,positive,167014
1540,2021,6,19,negative,639801
1541,2021,6,19,neutral,674562
1542,2021,6,19,positive,149091
1543,2021,6,20,negative,577587
1544,2021,6,20,neutral,646103
1545,2021,6,20,positive,136626
1546,2021,6,21,negative,722726
1547,2021,6,21,neutral,880428
1548,2021,6,21,positive,183237
1549,2021,6,22,negative,702824
1550,2021,6,22,neutral,862982
1551,2021,6,22,positive,211910
1552,2021,6,23,negative,707908
1553,2021,6,23,neutral,854713
1554,2021,6,23,positive,178615
1555,2021,6,24,negative,720760
1556,2021,6,24,neutral,770118
1557,2021,6,24,positive,165048
1558,2021,6,25,negative,755837
1559,2021,6,25,neutral,866983
1560,2021,6,25,positive,166901
1561,2021,6,26,negative,747689
1562,2021,6,26,neutral,763611
1563,2021,6,26,positive,150584
1564,2021,6,27,negative,722574
1565,2021,6,27,neutral,760886
1566,2021,6,27,positive,143398
1567,2021,6,28,negative,814140
1568,2021,6,28,neutral,897159
1569,2021,6,28,positive,195749
1570,2021,6,29,negative,763805
1571,2021,6,29,neutral,828588
1572,2021,6,29,positive,177767
1573,2021,6,30,negative,758508
1574,2021,6,30,neutral,820241
1575,2021,6,30,positive,167927
1576,2021,7,1,negative,667842
1577,2021,7,1,neutral,761527
1578,2021,7,1,positive,205979
1579,2021,7,2,negative,630534
1580,2021,7,2,neutral,729950
1581,2021,7,2,positive,170743
1582,2021,7,3,negative,606978
1583,2021,7,3,neutral,616019
1584,2021,7,3,positive,134886
1585,2021,7,4,negative,629571
1586,2021,7,4,neutral,635609
1587,2021,7,4,positive,157225
1588,2021,7,5,negative,831194
1589,2021,7,5,neutral,859107
1590,2021,7,5,positive,180304
1591,2021,7,6,negative,866834
1592,2021,7,6,neutral,960678
1593,2021,7,6,positive,178189
1594,2021,7,7,negative,894097
1595,2021,7,7,neutral,924892
1596,2021,7,7,positive,184830
1597,2021,7,8,negative,835780
1598,2021,7,8,neutral,904584
1599,2021,7,8,positive,169450
1600,2021,7,9,negative,799915
1601,2021,7,9,neutral,799976
1602,2021,7,9,positive,174361
1603,2021,7,10,negative,943070
1604,2021,7,10,neutral,844011
1605,2021,7,10,positive,156687
1606,2021,7,11,negative,1140771
1607,2021,7,11,neutral,995873
1608,2021,7,11,positive,184255
1609,2021,7,12,negative,1011059
1610,2021,7,12,neutral,893074
1611,2021,7,12,positive,184245
1612,2021,7,13,negative,957995
1613,2021,7,13,neutral,851984
1614,2021,7,13,positive,175365
1615,2021,7,14,negative,867514
1616,2021,7,14,neutral,787781
1617,2021,7,14,positive,154565
1618,2021,7,15,negative,889055
1619,2021,7,15,neutral,889189
1620,2021,7,15,positive,169997
1621,2021,7,16,negative,1143476
1622,2021,7,16,neutral,1040360
1623,2021,7,16,positive,219898
1624,2021,7,17,negative,1238753
1625,2021,7,17,neutral,1003122
1626,2021,7,17,positive,214031
1627,2021,7,18,negative,1099894
1628,2021,7,18,neutral,1027066
1629,2021,7,18,positive,214454
1630,2021,7,19,negative,1226157
1631,2021,7,19,neutral,1162955
1632,2021,7,19,positive,238724
1633,2021,7,20,negative,1323074
1634,2021,7,20,neutral,1190957
1635,2021,7,20,positive,200745
1636,2021,7,21,negative,1397028
1637,2021,7,21,neutral,1153474
1638,2021,7,21,positive,218537
1639,2021,7,22,negative,1283898
1640,2021,7,22,neutral,1140394
1641,2021,7,22,positive,243451
1642,2021,7,23,negative,1271214
1643,2021,7,23,neutral,1110542
1644,2021,7,23,positive,229393
1645,2021,7,24,negative,1189105
1646,2021,7,24,neutral,1030628
1647,2021,7,24,positive,224961
1648,2021,7,25,negative,1099400
1649,2021,7,25,neutral,904598
1650,2021,7,25,positive,203831
1651,2021,7,26,negative,1066549
1652,2021,7,26,neutral,967789
1653,2021,7,26,positive,216278
1654,2021,7,27,negative,1176851
1655,2021,7,27,neutral,1145989
1656,2021,7,27,positive,227969
1657,2021,7,28,negative,1332329
1658,2021,7,28,neutral,1326043
1659,2021,7,28,positive,253720
1660,2021,7,29,negative,1403403
1661,2021,7,29,neutral,1376126
1662,2021,7,29,positive,249706
1663,2021,7,30,negative,1534543
1664,2021,7,30,neutral,1397398
1665,2021,7,30,positive,239066
1666,2021,7,31,negative,1042370
1667,2021,7,31,neutral,931230
1668,2021,7,31,positive,176534
1669,2021,8,1,negative,1287078
1670,2021,8,1,neutral,1115994
1671,2021,8,1,positive,190851
1672,2021,8,2,negative,1238645
1673,2021,8,2,neutral,1269984
1674,2021,8,2,positive,233160
1675,2021,8,3,negative,1280255
1676,2021,8,3,neutral,1316499
1677,2021,8,3,positive,223198
1678,2021,8,4,negative,1392638
1679,2021,8,4,neutral,1309943
1680,2021,8,4,positive,252614
1681,2021,8,5,negative,1488326
1682,2021,8,5,neutral,1366111
1683,2021,8,5,positive,266473
1684,2021,8,6,negative,1336469
1685,2021,8,6,neutral,1281341
1686,2021,8,6,positive,237958
1687,2021,8,7,negative,1320020
1688,2021,8,7,neutral,1082201
1689,2021,8,7,positive,227343
1690,2021,8,8,negative,1286004
1691,2021,8,8,neutral,1059838
1692,2021,8,8,positive,236357
1693,2021,8,9,negative,1410524
1694,2021,8,9,neutral,1224536
1695,2021,8,9,positive,232288
1696,2021,8,10,negative,1469550
1697,2021,8,10,neutral,1250547
1698,2021,8,10,positive,240499
1699,2021,8,11,negative,1373662
1700,2021,8,11,neutral,1232093
1701,2021,8,11,positive,227431
1702,2021,8,12,negative,1452902
1703,2021,8,12,neutral,1318634
1704,2021,8,12,positive,212410
1705,2021,8,13,negative,1183253
1706,2021,8,13,neutral,1172431
1707,2021,8,13,positive,204874
1708,2021,8,14,negative,1126700
1709,2021,8,14,neutral,962756
1710,2021,8,14,positive,205455
1711,2021,8,15,negative,985000
1712,2021,8,15,neutral,862862
1713,2021,8,15,positive,166951
1714,2021,8,16,negative,763481
1715,2021,8,16,neutral,733250
1716,2021,8,16,positive,149348
1717,2021,8,17,negative,1032173
1718,2021,8,17,neutral,1098511
1719,2021,8,17,positive,215813
1720,2021,8,18,negative,1227460
1721,2021,8,18,neutral,1267369
1722,2021,8,18,positive,224395
1723,2021,8,19,negative,1215595
1724,2021,8,19,neutral,1156833
1725,2021,8,19,positive,230251
1726,2021,8,20,negative,1276299
1727,2021,8,20,neutral,1169376
1728,2021,8,20,positive,234758
1729,2021,8,21,negative,1246461
1730,2021,8,21,neutral,968751
1731,2021,8,21,positive,205454
1732,2021,8,22,negative,1154895
1733,2021,8,22,neutral,1025571
1734,2021,8,22,positive,181985
1735,2021,8,23,negative,1169237
1736,2021,8,23,neutral,1141167
1737,2021,8,23,positive,196764
1738,2021,8,24,negative,1057587
1739,2021,8,24,neutral,964210
1740,2021,8,24,positive,187097
1741,2021,8,25,negative,1108142
1742,2021,8,25,neutral,1000171
1743,2021,8,25,positive,182721
1744,2021,8,26,negative,1157643
1745,2021,8,26,neutral,1004337
1746,2021,8,26,positive,188433
1747,2021,8,27,negative,1138772
1748,2021,8,27,neutral,1044575
1749,2021,8,27,positive,187917
1750,2021,8,28,negative,1150544
1751,2021,8,28,neutral,979431
1752,2021,8,28,positive,167858
1753,2021,8,29,negative,1122256
1754,2021,8,29,neutral,851374
1755,2021,8,29,positive,156947
1756,2021,8,30,negative,1146465
1757,2021,8,30,neutral,994875
1758,2021,8,30,positive,176186
1759,2021,8,31,negative,1062362
1760,2021,8,31,neutral,989027
1761,2021,8,31,positive,190056
1762,2021,9,1,negative,1163724
1763,2021,9,1,neutral,1028627
1764,2021,9,1,positive,208082
1765,2021,9,2,negative,1414497
1766,2021,9,2,neutral,1135276
1767,2021,9,2,positive,234413
1768,2021,9,3,negative,1080490
1769,2021,9,3,neutral,950945
1770,2021,9,3,positive,179853
1771,2021,9,4,negative,970143
1772,2021,9,4,neutral,815887
1773,2021,9,4,positive,178247
1774,2021,9,5,negative,941036
1775,2021,9,5,neutral,826232
1776,2021,9,5,positive,219452
1777,2021,9,6,negative,905766
1778,2021,9,6,neutral,792334
1779,2021,9,6,positive,161552
1780,2021,9,7,negative,1136646
1781,2021,9,7,neutral,1028304
1782,2021,9,7,positive,173469
1783,2021,9,8,negative,1060130
1784,2021,9,8,neutral,965169
1785,2021,9,8,positive,190322
1786,2021,9,9,negative,1199347
1787,2021,9,9,neutral,1160973
1788,2021,9,9,positive,197411
1789,2021,9,10,negative,1558238
1790,2021,9,10,neutral,1289302
1791,2021,9,10,positive,258080
1792,2021,9,11,negative,1037317
1793,2021,9,11,neutral,907366
1794,2021,9,11,positive,172895
1795,2021,9,12,negative,884530
1796,2021,9,12,neutral,827407
1797,2021,9,12,positive,156579
1798,2021,9,13,negative,1137657
1799,2021,9,13,neutral,1038349
1800,2021,9,13,positive,205111
1801,2021,9,14,negative,1143288
1802,2021,9,14,neutral,1120384
1803,2021,9,14,positive,216389
1804,2021,9,15,negative,985593
1805,2021,9,15,neutral,974713
1806,2021,9,15,positive,187230
1807,2021,9,16,negative,1135147
1808,2021,9,16,neutral,981160
1809,2021,9,16,positive,208038
1810,2021,9,17,negative,1128390
1811,2021,9,17,neutral,997706
1812,2021,9,17,positive,207141
1813,2021,9,18,negative,898732
1814,2021,9,18,neutral,764421
1815,2021,9,18,positive,173490
1816,2021,9,19,negative,972758
1817,2021,9,19,neutral,864614
1818,2021,9,19,positive,165572
1819,2021,9,20,negative,1061588
1820,2021,9,20,neutral,1063499
1821,2021,9,20,positive,192365
1822,2021,9,21,negative,988888
1823,2021,9,21,neutral,978860
1824,2021,9,21,positive,191876
1825,2021,9,22,negative,893302
1826,2021,9,22,neutral,1016505
1827,2021,9,22,positive,197524
1828,2021,9,23,negative,906722
1829,2021,9,23,neutral,893370
1830,2021,9,23,positive,172761
1831,2021,9,24,negative,864863
1832,2021,9,24,neutral,988605
1833,2021,9,24,positive,188759
1834,2021,9,25,negative,727975
1835,2021,9,25,neutral,786533
1836,2021,9,25,positive,144276
1837,2021,9,26,negative,712194
1838,2021,9,26,neutral,658061
1839,2021,9,26,positive,126670
1840,2021,9,27,negative,931518
1841,2021,9,27,neutral,872800
1842,2021,9,27,positive,169177
1843,2021,9,28,negative,955719
1844,2021,9,28,neutral,938919
1845,2021,9,28,positive,178519
1846,2021,9,29,negative,939793
1847,2021,9,29,neutral,854951
1848,2021,9,29,positive,161849
1849,2021,9,30,negative,931606
1850,2021,9,30,neutral,797989
1851,2021,9,30,positive,152221
1852,2021,10,1,negative,383326
1853,2021,10,1,neutral,370668
1854,2021,10,1,positive,68033
1855,2021,10,2,negative,359433
1856,2021,10,2,neutral,321445
1857,2021,10,2,positive,61581
1858,2021,10,3,negative,349070
1859,2021,10,3,neutral,278235
1860,2021,10,3,positive,57862
1861,2021,10,4,negative,332343
1862,2021,10,4,neutral,341253
1863,2021,10,4,positive,61139
1864,2021,10,5,negative,387252
1865,2021,10,5,neutral,433933
1866,2021,10,5,positive,67845
1867,2021,10,6,negative,472949
1868,2021,10,6,neutral,478669
1869,2021,10,6,positive,74131
1870,2021,10,7,negative,351093
1871,2021,10,7,neutral,386784
1872,2021,10,7,positive,57483
1873,2021,10,8,negative,325007
1874,2021,10,8,neutral,309971
1875,2021,10,8,positive,53626
1876,2021,10,9,negative,624169
1877,2021,10,9,neutral,573750
1878,2021,10,9,positive,130167
1879,2021,10,10,negative,656982
1880,2021,10,10,neutral,609472
1881,2021,10,10,positive,143720
1882,2021,10,11,negative,708471
1883,2021,10,11,neutral,712869
1884,2021,10,11,positive,149422
1885,2021,10,12,negative,957060
1886,2021,10,12,neutral,866679
1887,2021,10,12,positive,173976
1888,2021,10,13,negative,848679
1889,2021,10,13,neutral,776691
1890,2021,10,13,positive,148731
1891,2021,10,14,negative,822737
1892,2021,10,14,neutral,750014
1893,2021,10,14,positive,149723
1894,2021,10,15,negative,765150
1895,2021,10,15,neutral,709335
1896,2021,10,15,positive,138282
1897,2021,10,16,negative,658175
1898,2021,10,16,neutral,577069
1899,2021,10,16,positive,118339
1900,2021,10,17,negative,663514
1901,2021,10,17,neutral,551208
1902,2021,10,17,positive,116726
1903,2021,10,18,negative,942185
1904,2021,10,18,neutral,851560
1905,2021,10,18,positive,162243
1906,2021,10,19,negative,890592
1907,2021,10,19,neutral,831662
1908,2021,10,19,positive,150418
1909,2021,10,20,negative,945927
1910,2021,10,20,neutral,913476
1911,2021,10,20,positive,149382
1912,2021,10,21,negative,882213
1913,2021,10,21,neutral,902664
1914,2021,10,21,positive,219546
1915,2021,10,22,negative,725455
1916,2021,10,22,neutral,782160
1917,2021,10,22,positive,169137
1918,2021,10,23,negative,609295
1919,2021,10,23,neutral,609847
1920,2021,10,23,positive,116893
1921,2021,10,24,negative,629419
1922,2021,10,24,neutral,576075
1923,2021,10,24,positive,115381
1924,2021,10,25,negative,712084
1925,2021,10,25,neutral,656107
1926,2021,10,25,positive,135061
1927,2021,10,26,negative,675681
1928,2021,10,26,neutral,737417
1929,2021,10,26,positive,133746
1930,2021,10,27,negative,674359
1931,2021,10,27,neutral,732004
1932,2021,10,27,positive,158955
1933,2021,10,28,negative,668368
1934,2021,10,28,neutral,693286
1935,2021,10,28,positive,153736
1936,2021,10,29,negative,643631
1937,2021,10,29,neutral,661367
1938,2021,10,29,positive,161874
1939,2021,10,30,negative,564582
1940,2021,10,30,neutral,555282
1941,2021,10,30,positive,130799
1942,2021,11,1,negative,636768
1943,2021,11,1,neutral,660595
1944,2021,11,1,positive,174335
1945,2021,11,2,negative,670133
1946,2021,11,2,neutral,660345
1947,2021,11,2,positive,127177
1948,2021,11,3,negative,688506
1949,2021,11,3,neutral,706710
1950,2021,11,3,positive,181768
1951,2021,11,4,negative,732955
1952,2021,11,4,neutral,710992
1953,2021,11,4,positive,149070
1954,2021,11,5,negative,777506
1955,2021,11,5,neutral,744617
1956,2021,11,5,positive,152445
1957,2021,11,6,negative,643555
1958,2021,11,6,neutral,622234
1959,2021,11,6,positive,123432
1960,2021,11,7,negative,679103
1961,2021,11,7,neutral,561225
1962,2021,11,7,positive,123648
1963,2021,11,8,negative,745796
1964,2021,11,8,neutral,683007
1965,2021,11,8,positive,138269
1966,2021,11,9,negative,766590
1967,2021,11,9,neutral,739368
1968,2021,11,9,positive,143112
1969,2021,11,10,negative,682508
1970,2021,11,10,neutral,689173
1971,2021,11,10,positive,140449
1972,2021,11,11,negative,585567
1973,2021,11,11,neutral,604327
1974,2021,11,11,positive,115638
1975,2021,11,12,negative,710224
1976,2021,11,12,neutral,632515
1977,2021,11,12,positive,135223
1978,2021,11,13,negative,732305
1979,2021,11,13,neutral,597995
1980,2021,11,13,positive,144006
1981,2021,11,14,negative,716368
1982,2021,11,14,neutral,602375
1983,2021,11,14,positive,122400
1984,2021,11,15,negative,695834
1985,2021,11,15,neutral,668996
1986,2021,11,15,positive,123188
1987,2021,11,16,negative,694283
1988,2021,11,16,neutral,683738
1989,2021,11,16,positive,122899
1990,2021,11,17,negative,680117
1991,2021,11,17,neutral,682723
1992,2021,11,17,positive,140151
1993,2021,11,18,negative,653382
1994,2021,11,18,neutral,764941
1995,2021,11,18,positive,138064
1996,2021,11,19,negative,606411
1997,2021,11,19,neutral,670267
1998,2021,11,19,positive,129736
1999,2021,11,20,negative,552761
2000,2021,11,20,neutral,538241
2001,2021,11,20,positive,135108
2002,2021,11,21,negative,586771
2003,2021,11,21,neutral,549829
2004,2021,11,21,positive,115014
2005,2021,11,22,negative,630753
2006,2021,11,22,neutral,620780
2007,2021,11,22,positive,121804
2008,2021,11,23,negative,590200
2009,2021,11,23,neutral,629126
2010,2021,11,23,positive,132610
2011,2021,11,24,negative,663950
2012,2021,11,24,neutral,701680
2013,2021,11,24,positive,192003
2014,2021,11,25,negative,612546
2015,2021,11,25,neutral,631768
2016,2021,11,25,positive,163684
2017,2021,11,26,negative,780278
2018,2021,11,26,neutral,884079
2019,2021,11,26,positive,180244
2020,2021,11,27,negative,940942
2021,2021,11,27,neutral,1022212
2022,2021,11,27,positive,151626
2023,2021,11,28,negative,1096531
2024,2021,11,28,neutral,1094513
2025,2021,11,28,positive,173049
2026,2021,11,29,negative,1146330
2027,2021,11,29,neutral,1199421
2028,2021,11,29,positive,197922
2029,2021,11,30,negative,1126060
2030,2021,11,30,neutral,1210718
2031,2021,11,30,positive,205313
2032,2021,12,1,negative,1111924
2033,2021,12,1,neutral,1214275
2034,2021,12,1,positive,202702
2035,2021,12,2,negative,1205494
2036,2021,12,2,neutral,1267443
2037,2021,12,2,positive,204841
2038,2021,12,3,negative,1027585
2039,2021,12,3,neutral,1112916
2040,2021,12,3,positive,180588
2041,2021,12,4,negative,956649
2042,2021,12,4,neutral,849759
2043,2021,12,4,positive,164210
2044,2021,12,5,negative,924824
2045,2021,12,5,neutral,819557
2046,2021,12,5,positive,159186
2047,2021,12,6,negative,958439
2048,2021,12,6,neutral,891073
2049,2021,12,6,positive,158010
2050,2021,12,7,negative,668104
2051,2021,12,7,neutral,635593
2052,2021,12,7,positive,122087
2053,2021,12,8,negative,922937
2054,2021,12,8,neutral,957040
2055,2021,12,8,positive,147234
2056,2021,12,9,negative,948535
2057,2021,12,9,neutral,1064854
2058,2021,12,9,positive,165694
2059,2021,12,10,negative,941591
2060,2021,12,10,neutral,957520
2061,2021,12,10,positive,185956
2062,2021,12,11,negative,928195
2063,2021,12,11,neutral,854355
2064,2021,12,11,positive,164035
2065,2021,12,12,negative,957743
2066,2021,12,12,neutral,873852
2067,2021,12,12,positive,139829
2068,2021,12,13,negative,1096277
2069,2021,12,13,neutral,1100505
2070,2021,12,13,positive,190442
2071,2021,12,14,negative,1185340
2072,2021,12,14,neutral,1257644
2073,2021,12,14,positive,212007
2074,2021,12,15,negative,1164856
2075,2021,12,15,neutral,1268458
2076,2021,12,15,positive,266615
2077,2021,12,16,negative,1236749
2078,2021,12,16,neutral,1329999
2079,2021,12,16,positive,242904
2080,2021,12,17,negative,1336087
2081,2021,12,17,neutral,1344289
2082,2021,12,17,positive,261892
2083,2021,12,18,negative,1360866
2084,2021,12,18,neutral,1430283
2085,2021,12,18,positive,237003
2086,2021,12,19,negative,1330614
2087,2021,12,19,neutral,1317092
2088,2021,12,19,positive,225669
2089,2021,12,20,negative,1296538
2090,2021,12,20,neutral,1244159
2091,2021,12,20,positive,235896
2092,2021,12,21,negative,1386233
2093,2021,12,21,neutral,1344518
2094,2021,12,21,positive,247024
2095,2021,12,22,negative,1357891
2096,2021,12,22,neutral,1293799
2097,2021,12,22,positive,300590
2098,2021,12,23,negative,1262043
2099,2021,12,23,neutral,1223221
2100,2021,12,23,positive,297946
2101,2021,12,24,negative,1198223
2102,2021,12,24,neutral,1146608
2103,2021,12,24,positive,284801
2104,2021,12,25,negative,744820
2105,2021,12,25,neutral,808709
2106,2021,12,25,positive,250847
2107,2021,12,26,negative,907753
2108,2021,12,26,neutral,936587
2109,2021,12,26,positive,217963
2110,2021,12,27,negative,1155203
2111,2021,12,27,neutral,1044668
2112,2021,12,27,positive,201379
2113,2021,12,28,negative,1433038
2114,2021,12,28,neutral,1458355
2115,2021,12,28,positive,221825
2116,2021,12,29,negative,1465109
2117,2021,12,29,neutral,1450030
2118,2021,12,29,positive,259404
2119,2021,12,30,negative,1415645
2120,2021,12,30,neutral,1478489
2121,2021,12,30,positive,260029
2122,2021,12,31,negative,1299805
2123,2021,12,31,neutral,1332717
2124,2021,12,31,positive,315592
2125,2022,1,1,negative,1030486
2126,2022,1,1,neutral,1099855
2127,2022,1,1,positive,293527
2128,2022,1,2,negative,1174291
2129,2022,1,2,neutral,1063683
2130,2022,1,2,positive,246595
2131,2022,1,3,negative,1255912
2132,2022,1,3,neutral,1184988
2133,2022,1,3,positive,263115
2134,2022,1,4,negative,1335972
2135,2022,1,4,neutral,1291400
2136,2022,1,4,positive,245401
2137,2022,1,5,negative,1341556
2138,2022,1,5,neutral,1289288
2139,2022,1,5,positive,237815
2140,2022,1,6,negative,1277337
2141,2022,1,6,neutral,1251464
2142,2022,1,6,positive,247248
2143,2022,1,7,negative,1346004
2144,2022,1,7,neutral,1270400
2145,2022,1,7,positive,240125
2146,2022,1,8,negative,1435939
2147,2022,1,8,neutral,1224947
2148,2022,1,8,positive,224026
2149,2022,1,9,negative,1362204
2150,2022,1,9,neutral,1165887
2151,2022,1,9,positive,225728
2152,2022,1,10,negative,1384061
2153,2022,1,10,neutral,1278268
2154,2022,1,10,positive,245716
2155,2022,1,11,negative,1436999
2156,2022,1,11,neutral,1344947
2157,2022,1,11,positive,218591
2158,2022,1,12,negative,1362615
2159,2022,1,12,neutral,1257960
2160,2022,1,12,positive,219698
2161,2022,1,13,negative,1322917
2162,2022,1,13,neutral,1248161
2163,2022,1,13,positive,237224
2164,2022,1,14,negative,1210257
2165,2022,1,14,neutral,1184506
2166,2022,1,14,positive,223337
2167,2022,1,15,negative,1192038
2168,2022,1,15,neutral,1055677
2169,2022,1,15,positive,218165
2170,2022,1,16,negative,1073205
2171,2022,1,16,neutral,1039715
2172,2022,1,16,positive,216583
2173,2022,1,17,negative,1058425
2174,2022,1,17,neutral,1050156
2175,2022,1,17,positive,202798
2176,2022,1,18,negative,1119267
2177,2022,1,18,neutral,1104351
2178,2022,1,18,positive,229401
2179,2022,1,19,negative,1243939
2180,2022,1,19,neutral,1185226
2181,2022,1,19,positive,281890
2182,2022,1,20,negative,1040883
2183,2022,1,20,neutral,1056087
2184,2022,1,20,positive,231841
2185,2022,1,21,negative,1071611
2186,2022,1,21,neutral,1044970
2187,2022,1,21,positive,205243
2188,2022,1,22,negative,1082246
2189,2022,1,22,neutral,967433
2190,2022,1,22,positive,210942
2191,2022,1,23,negative,1069747
2192,2022,1,23,neutral,914355
2193,2022,1,23,positive,198738
2194,2022,1,24,negative,1078686
2195,2022,1,24,neutral,1000538
2196,2022,1,24,positive,208377
2197,2022,1,25,negative,1104872
2198,2022,1,25,neutral,1091895
2199,2022,1,25,positive,231067
2200,2022,1,26,negative,1041817
2201,2022,1,26,neutral,948309
2202,2022,1,26,positive,228965
2203,2022,1,27,negative,1048640
2204,2022,1,27,neutral,968733
2205,2022,1,27,positive,240813
2206,2022,1,28,negative,1051917
2207,2022,1,28,neutral,939042
2208,2022,1,28,positive,202559
2209,2022,1,29,negative,938424
2210,2022,1,29,neutral,849256
2211,2022,1,29,positive,182420
2212,2022,1,30,negative,844907
2213,2022,1,30,neutral,743815
2214,2022,1,30,positive,173927
2215,2022,1,31,negative,990539
2216,2022,1,31,neutral,926942
2217,2022,1,31,positive,280281
2218,2022,2,1,negative,909756
2219,2022,2,1,neutral,957439
2220,2022,2,1,positive,202596
2221,2022,2,2,negative,987893
2222,2022,2,2,neutral,900259
2223,2022,2,2,positive,186406
2224,2022,2,3,negative,909356
2225,2022,2,3,neutral,844511
2226,2022,2,3,positive,180225
2227,2022,2,4,negative,841401
2228,2022,2,4,neutral,878548
2229,2022,2,4,positive,173146
2230,2022,2,5,negative,790802
2231,2022,2,5,neutral,683004
2232,2022,2,5,positive,158609
2233,2022,2,6,negative,696574
2234,2022,2,6,neutral,598180
2235,2022,2,6,positive,142486
2236,2022,2,7,negative,760841
2237,2022,2,7,neutral,704033
2238,2022,2,7,positive,182848
2239,2022,2,8,negative,896193
2240,2022,2,8,neutral,819962
2241,2022,2,8,positive,168684
2242,2022,2,9,negative,1006679
2243,2022,2,9,neutral,959795
2244,2022,2,9,positive,180839
2245,2022,2,10,negative,945985
2246,2022,2,10,neutral,850790
2247,2022,2,10,positive,162156
2248,2022,2,11,negative,852973
2249,2022,2,11,neutral,826560
2250,2022,2,11,positive,150101
2251,2022,2,12,negative,828322
2252,2022,2,12,neutral,691821
2253,2022,2,12,positive,134050
2254,2022,2,13,negative,742562
2255,2022,2,13,neutral,542572
2256,2022,2,13,positive,136584
2257,2022,2,14,negative,694409
2258,2022,2,14,neutral,755286
2259,2022,2,14,positive,192114
2260,2022,2,15,negative,764369
2261,2022,2,15,neutral,726533
2262,2022,2,15,positive,171852
2263,2022,2,16,negative,795127
2264,2022,2,16,neutral,800897
2265,2022,2,16,positive,166812
2266,2022,2,17,negative,714676
2267,2022,2,17,neutral,748122
2268,2022,2,17,positive,176668
2269,2022,2,18,negative,686224
2270,2022,2,18,neutral,728728
2271,2022,2,18,positive,157545
2272,2022,2,19,negative,617714
2273,2022,2,19,neutral,598626
2274,2022,2,19,positive,110393
2275,2022,2,20,negative,698605
2276,2022,2,20,neutral,612072
2277,2022,2,20,positive,172337
2278,2022,2,21,negative,768137
2279,2022,2,21,neutral,741751
2280,2022,2,21,positive,153647
2281,2022,2,22,negative,673632
2282,2022,2,22,neutral,684656
2283,2022,2,22,positive,153337
2284,2022,2,23,negative,629588
2285,2022,2,23,neutral,639394
2286,2022,2,23,positive,156089
2287,2022,2,24,negative,644428
2288,2022,2,24,neutral,588621
2289,2022,2,24,positive,129714
2290,2022,2,25,negative,517073
2291,2022,2,25,neutral,540227
2292,2022,2,25,positive,106467
2293,2022,2,26,negative,491336
2294,2022,2,26,neutral,479632
2295,2022,2,26,positive,96557
2296,2022,2,27,negative,457659
2297,2022,2,27,neutral,474029
2298,2022,2,27,positive,97644
2299,2022,2,28,negative,589938
2300,2022,2,28,neutral,530547
2301,2022,2,28,positive,141615
2302,2022,3,1,negative,646898
2303,2022,3,1,neutral,591011
2304,2022,3,1,positive,144703
2305,2022,3,2,negative,773487
2306,2022,3,2,neutral,727242
2307,2022,3,2,positive,155950
2308,2022,3,3,negative,563193
2309,2022,3,3,neutral,556659
2310,2022,3,3,positive,121361
2311,2022,3,4,negative,504987
2312,2022,3,4,neutral,510270
2313,2022,3,4,positive,122439
2314,2022,3,5,negative,434078
2315,2022,3,5,neutral,439708
2316,2022,3,5,positive,111056
2317,2022,3,6,negative,437238
2318,2022,3,6,neutral,391061
2319,2022,3,6,positive,98291
2320,2022,3,7,negative,535024
2321,2022,3,7,neutral,543239
2322,2022,3,7,positive,111595
2323,2022,3,8,negative,586752
2324,2022,3,8,neutral,587955
2325,2022,3,8,positive,117702
2326,2022,3,9,negative,553667
2327,2022,3,9,neutral,573018
2328,2022,3,9,positive,110985
2329,2022,3,10,negative,552955
2330,2022,3,10,neutral,575228
2331,2022,3,10,positive,156908
2332,2022,3,11,negative,510503
2333,2022,3,11,neutral,572198
2334,2022,3,11,positive,124050
2335,2022,3,12,negative,463453
2336,2022,3,12,neutral,437173
2337,2022,3,12,positive,114105
2338,2022,3,13,negative,494095
2339,2022,3,13,neutral,434690
2340,2022,3,13,positive,104304
2341,2022,3,14,negative,548072
2342,2022,3,14,neutral,555954
2343,2022,3,14,positive,134755
2344,2022,3,15,negative,545275
2345,2022,3,15,neutral,613845
2346,2022,3,15,positive,134346
2347,2022,3,16,negative,513588
2348,2022,3,16,neutral,596178
2349,2022,3,16,positive,132464
2350,2022,3,17,negative,490220
2351,2022,3,17,neutral,559637
2352,2022,3,17,positive,131342
2353,2022,3,18,negative,489528
2354,2022,3,18,neutral,528995
2355,2022,3,18,positive,138080
2356,2022,3,19,negative,452774
2357,2022,3,19,neutral,451483
2358,2022,3,19,positive,102293
2359,2022,3,20,negative,516947
2360,2022,3,20,neutral,404147
2361,2022,3,20,positive,82863
2362,2022,3,21,negative,495052
2363,2022,3,21,neutral,475129
2364,2022,3,21,positive,110540
2365,2022,3,22,negative,488359
2366,2022,3,22,neutral,482245
2367,2022,3,22,positive,131664
2368,2022,3,23,negative,581843
2369,2022,3,23,neutral,556670
2370,2022,3,23,positive,132089
2371,2022,3,24,negative,516086
2372,2022,3,24,neutral,496643
2373,2022,3,24,positive,125958
2374,2022,3,25,negative,455961
2375,2022,3,25,neutral,457145
2376,2022,3,25,positive,110523
2377,2022,3,26,negative,407667
2378,2022,3,26,neutral,412017
2379,2022,3,26,positive,105727
2380,2022,3,27,negative,380115
2381,2022,3,27,neutral,386932
2382,2022,3,27,positive,93024
2383,2022,3,28,negative,414859
2384,2022,3,28,neutral,435986
2385,2022,3,28,positive,100552
2386,2022,3,29,negative,538863
2387,2022,3,29,neutral,560117
2388,2022,3,29,positive,140906
2389,2022,3,30,negative,517913
2390,2022,3,30,neutral,648331
2391,2022,3,30,positive,127406
2392,2022,3,31,negative,475577
2393,2022,3,31,neutral,499189
2394,2022,3,31,positive,119898
